"Name","Offset","Size","Distance"
".png","1640365","19497","109028"
"/alarm_icon.png","1640365","19497","157481"
"/client_logo.png","1640365","19497","157107"
"/em_bg_login.png","1640365","19497","157007"
"/emersonlogo.png","1640365","19497","156905"
"/emlogo_main.png","1640365","19497","156805"
"/excel-icon.png","1640365","19497","156703"
"/icon_add.png","1640365","19497","156597"
"/icon_connect_all.png","1640365","19497","156503"
"/icon_disconnect_all.png","1640365","19497","156387"
"/icon_distance.png","1640365","19497","156269"
"/icon_echocurve.png","1640365","19497","156171"
"/icon_left.png","1640365","19497","156059"
"/icon_level.png","1640365","19497","155967"
"/icon_logout.png","1640365","19497","155849"
"/icon_open.png","1640365","19497","155753"
"/icon_remove.png","1640365","19497","155663"
"/icon_save.png","1640365","19497","155567"
"/icon_sound_go_start.png","1640365","19497","155461"
"/icon_sound_previous.png","1640365","19497","155339"
"/icon_switch_view.png","1640365","19497","155217"
"/icon_up_down.png","1640365","19497","155117"
"/icon_vdc.png","1640365","19497","155015"
"/info-icon-basic.png","1640365","19497","154923"
"/led_large_gray.png","1640365","19497","154815"
"/led_large_green.png","1640365","19497","154701"
"/led_large_red.png","1640365","19497","154583"
"/led_large_yellow.png","1640365","19497","154473"
"/led_small_gray.png","1640365","19497","154343"
"/led_small_green.png","1640365","19497","154229"
"/led_small_red.png","1640365","19497","154111"
"/led_small_yellow.png","1640365","19497","154001"
"/ledgray.png","1640365","19497","153871"
"/ledred.png","1640365","19497","153787"
"/logooem.png","1640365","19497","153707"
"/projectopen.png","1640365","19497","153619"
"/scanner.png","1640365","19497","153521"
"/setup.png","1640365","19497","153421"
"_add.png","1640365","19497","156587"
"_all.png","1640365","19497","156355"
"_bg_login.png","1640365","19497","157001"
"_connect_all.png","1640365","19497","156493"
"_disconnect_all.png","1640365","19497","156377"
"_distance.png","1640365","19497","156259"
"_down.png","1640365","19497","155101"
"_echocurve.png","1640365","19497","156161"
"_go_start.png","1640365","19497","155439"
"_gray.png","1640365","19497","154323"
"_green.png","1640365","19497","153908"
"_icon.png","1640365","19497","157469"
"_large_gray.png","1640365","19497","154807"
"_large_green.png","1640365","19497","154693"
"_large_red.png","1640365","19497","154575"
"_large_yellow.png","1640365","19497","154465"
"_left.png","1640365","19497","156049"
"_level.png","1640365","19497","155957"
"_login.png","1640365","19497","156842"
"_logo.png","1640365","19497","154850"
"_logout.png","1640365","19497","155839"
"_main.png","1640365","19497","156791"
"_open.png","1640365","19497","155743"
"_previous.png","1640365","19497","155317"
"_red.png","1640365","19497","154091"
"_remove.png","1640365","19497","155653"
"_save.png","1640365","19497","155557"
"_small_gray.png","1640365","19497","154335"
"_small_green.png","1640365","19497","154221"
"_small_red.png","1640365","19497","154103"
"_small_yellow.png","1640365","19497","153993"
"_sound_go_start.png","1640365","19497","155451"
"_sound_previous.png","1640365","19497","155329"
"_start.png","1640365","19497","155433"
"_switch_view.png","1640365","19497","155207"
"_up_down.png","1640365","19497","155107"
"_vdc.png","1640365","19497","155005"
"_view.png","1640365","19497","155193"
"_yellow.png","1640365","19497","153981"
"add.png","1640365","19497","156585"
"ages/alarm_icon.png","1640365","19497","157489"
"ages/client_logo.png","1640365","19497","157115"
"ages/em_bg_login.png","1640365","19497","157015"
"ages/emersonlogo.png","1640365","19497","156913"
"ages/emlogo_main.png","1640365","19497","156813"
"ages/excel-icon.png","1640365","19497","156711"
"ages/icon_add.png","1640365","19497","156605"
"ages/icon_connect_all.png","1640365","19497","156511"
"ages/icon_disconnect_all.png","1640365","19497","156395"
"ages/icon_distance.png","1640365","19497","156277"
"ages/icon_echocurve.png","1640365","19497","156179"
"ages/icon_left.png","1640365","19497","156067"
"ages/icon_level.png","1640365","19497","155975"
"ages/icon_logout.png","1640365","19497","155857"
"ages/icon_open.png","1640365","19497","155761"
"ages/icon_remove.png","1640365","19497","155671"
"ages/icon_save.png","1640365","19497","155575"
"ages/icon_sound_go_start.png","1640365","19497","155469"
"ages/icon_sound_previous.png","1640365","19497","155347"
"ages/icon_switch_view.png","1640365","19497","155225"
"ages/icon_up_down.png","1640365","19497","155125"
"ages/icon_vdc.png","1640365","19497","155023"
"ages/info-icon-basic.png","1640365","19497","154931"
"ages/led_large_gray.png","1640365","19497","154823"
"ages/led_large_green.png","1640365","19497","154709"
"ages/led_large_red.png","1640365","19497","154591"
"ages/led_large_yellow.png","1640365","19497","154481"
"ages/led_small_gray.png","1640365","19497","154351"
"ages/led_small_green.png","1640365","19497","154237"
"ages/led_small_red.png","1640365","19497","154119"
"ages/led_small_yellow.png","1640365","19497","154009"
"ages/ledgray.png","1640365","19497","153879"
"ages/ledred.png","1640365","19497","153795"
"ages/logooem.png","1640365","19497","153715"
"ages/projectopen.png","1640365","19497","153627"
"ages/scanner.png","1640365","19497","153529"
"ages/setup.png","1640365","19497","153429"
"ain.png","1640365","19497","156787"
"alarm_icon.png","1640365","19497","157479"
"all.png","1640365","19497","156353"
"all_gray.png","1640365","19497","154329"
"all_green.png","1640365","19497","154215"
"all_red.png","1640365","19497","154097"
"all_yellow.png","1640365","19497","153987"
"ance.png","1640365","19497","156249"
"anner.png","1640365","19497","153515"
"arge_gray.png","1640365","19497","154803"
"arge_green.png","1640365","19497","154689"
"arge_red.png","1640365","19497","154571"
"arge_yellow.png","1640365","19497","154461"
"arm_icon.png","1640365","19497","157475"
"art.png","1640365","19497","155427"
"asic.png","1640365","19497","109032"
"ave.png","1640365","19497","153552"
"ay.png","1640365","19497","153859"
"Basic.png","1640365","19497","109033"
"-Basic.png","1640365","19497","109034"
"bg_login.png","1640365","19497","156999"
"c.png","1640365","19497","109029"
"canner.png","1640365","19497","153517"
"ce.png","1640365","19497","156245"
"cel-icon.png","1640365","19497","156697"
"ch_view.png","1640365","19497","155197"
"chocurve.png","1640365","19497","156157"
"client_logo.png","1640365","19497","157105"
"con.png","1640365","19497","156687"
"con_add.png","1640365","19497","156593"
"con_connect_all.png","1640365","19497","156499"
"con_disconnect_all.png","1640365","19497","156383"
"con_distance.png","1640365","19497","156265"
"con_echocurve.png","1640365","19497","156167"
"con_left.png","1640365","19497","156055"
"con_level.png","1640365","19497","155963"
"con_logout.png","1640365","19497","155845"
"con_open.png","1640365","19497","155749"
"con_remove.png","1640365","19497","155659"
"con_save.png","1640365","19497","155563"
"con_sound_go_start.png","1640365","19497","155457"
"con_sound_previous.png","1640365","19497","155335"
"con_switch_view.png","1640365","19497","155213"
"con_up_down.png","1640365","19497","155113"
"con_vdc.png","1640365","19497","155011"
"con-Basic.png","1640365","19497","109037"
"connect_all.png","1640365","19497","156369"
"ct_all.png","1640365","19497","156359"
"ctopen.png","1640365","19497","153607"
"curve.png","1640365","19497","156151"
"d.png","1640365","19497","153775"
"d_go_start.png","1640365","19497","155441"
"d_large_gray.png","1640365","19497","154809"
"d_large_green.png","1640365","19497","154695"
"d_large_red.png","1640365","19497","154577"
"d_large_yellow.png","1640365","19497","154467"
"d_previous.png","1640365","19497","155319"
"d_small_gray.png","1640365","19497","154337"
"d_small_green.png","1640365","19497","154223"
"d_small_red.png","1640365","19497","154105"
"d_small_yellow.png","1640365","19497","153995"
"dc.png","1640365","19497","155001"
"dd.png","1640365","19497","156583"
"dgray.png","1640365","19497","153865"
"disconnect_all.png","1640365","19497","156375"
"distance.png","1640365","19497","156257"
"down.png","1640365","19497","155099"
"dred.png","1640365","19497","153781"
"e.png","1640365","19497","153356"
"e_gray.png","1640365","19497","154797"
"e_green.png","1640365","19497","154683"
"e_red.png","1640365","19497","154565"
"e_yellow.png","1640365","19497","154455"
"echocurve.png","1640365","19497","156159"
"ect_all.png","1640365","19497","156361"
"ectopen.png","1640365","19497","153609"
"ed.png","1640365","19497","153777"
"ed_large_gray.png","1640365","19497","154811"
"ed_large_green.png","1640365","19497","154697"
"ed_large_red.png","1640365","19497","154579"
"ed_large_yellow.png","1640365","19497","154469"
"ed_small_gray.png","1640365","19497","154339"
"ed_small_green.png","1640365","19497","154225"
"ed_small_red.png","1640365","19497","154107"
"ed_small_yellow.png","1640365","19497","153997"
"edgray.png","1640365","19497","153867"
"edred.png","1640365","19497","153783"
"een.png","1640365","19497","153818"
"eft.png","1640365","19497","156045"
"el.png","1640365","19497","155949"
"el-icon.png","1640365","19497","156695"
"ellow.png","1640365","19497","153977"
"em.png","1640365","19497","153695"
"emersonlogo.png","1640365","19497","156903"
"emlogo_main.png","1640365","19497","156803"
"emove.png","1640365","19497","155649"
"en.png","1640365","19497","153599"
"ent_logo.png","1640365","19497","157099"
"er.png","1640365","19497","153509"
"ersonlogo.png","1640365","19497","156899"
"es/alarm_icon.png","1640365","19497","157485"
"es/client_logo.png","1640365","19497","157111"
"es/em_bg_login.png","1640365","19497","157011"
"es/emersonlogo.png","1640365","19497","156909"
"es/emlogo_main.png","1640365","19497","156809"
"es/excel-icon.png","1640365","19497","156707"
"es/icon_add.png","1640365","19497","156601"
"es/icon_connect_all.png","1640365","19497","156507"
"es/icon_disconnect_all.png","1640365","19497","156391"
"es/icon_distance.png","1640365","19497","156273"
"es/icon_echocurve.png","1640365","19497","156175"
"es/icon_left.png","1640365","19497","156063"
"es/icon_level.png","1640365","19497","155971"
"es/icon_logout.png","1640365","19497","155853"
"es/icon_open.png","1640365","19497","155757"
"es/icon_remove.png","1640365","19497","155667"
"es/icon_save.png","1640365","19497","155571"
"es/icon_sound_go_start.png","1640365","19497","155465"
"es/icon_sound_previous.png","1640365","19497","155343"
"es/icon_switch_view.png","1640365","19497","155221"
"es/icon_up_down.png","1640365","19497","155121"
"es/icon_vdc.png","1640365","19497","155019"
"es/info-icon-basic.png","1640365","19497","154927"
"es/led_large_gray.png","1640365","19497","154819"
"es/led_large_green.png","1640365","19497","154705"
"es/led_large_red.png","1640365","19497","154587"
"es/led_large_yellow.png","1640365","19497","154477"
"es/led_small_gray.png","1640365","19497","154347"
"es/led_small_green.png","1640365","19497","154233"
"es/led_small_red.png","1640365","19497","154115"
"es/led_small_yellow.png","1640365","19497","154005"
"es/ledgray.png","1640365","19497","153875"
"es/ledred.png","1640365","19497","153791"
"es/logooem.png","1640365","19497","153711"
"es/projectopen.png","1640365","19497","153623"
"es/scanner.png","1640365","19497","153525"
"es/setup.png","1640365","19497","153425"
"etup.png","1640365","19497","153417"
"evel.png","1640365","19497","155953"
"evious.png","1640365","19497","155311"
"ew.png","1640365","19497","153648"
"fo-icon-Basic.png","1640365","19497","109041"
"ft.png","1640365","19497","156043"
"g_login.png","1640365","19497","156997"
"ge_gray.png","1640365","19497","154799"
"ge_green.png","1640365","19497","154685"
"ge_red.png","1640365","19497","154567"
"ge_yellow.png","1640365","19497","154457"
"ges/alarm_icon.png","1640365","19497","157487"
"ges/client_logo.png","1640365","19497","157113"
"ges/em_bg_login.png","1640365","19497","157013"
"ges/emersonlogo.png","1640365","19497","156911"
"ges/emlogo_main.png","1640365","19497","156811"
"ges/excel-icon.png","1640365","19497","156709"
"ges/icon_add.png","1640365","19497","156603"
"ges/icon_connect_all.png","1640365","19497","156509"
"ges/icon_disconnect_all.png","1640365","19497","156393"
"ges/icon_distance.png","1640365","19497","156275"
"ges/icon_echocurve.png","1640365","19497","156177"
"ges/icon_left.png","1640365","19497","156065"
"ges/icon_level.png","1640365","19497","155973"
"ges/icon_logout.png","1640365","19497","155855"
"ges/icon_open.png","1640365","19497","155759"
"ges/icon_remove.png","1640365","19497","155669"
"ges/icon_save.png","1640365","19497","155573"
"ges/icon_sound_go_start.png","1640365","19497","155467"
"ges/icon_sound_previous.png","1640365","19497","155345"
"ges/icon_switch_view.png","1640365","19497","155223"
"ges/icon_up_down.png","1640365","19497","155123"
"ges/icon_vdc.png","1640365","19497","155021"
"ges/info-icon-basic.png","1640365","19497","154929"
"ges/led_large_gray.png","1640365","19497","154821"
"ges/led_large_green.png","1640365","19497","154707"
"ges/led_large_red.png","1640365","19497","154589"
"ges/led_large_yellow.png","1640365","19497","154479"
"ges/led_small_gray.png","1640365","19497","154349"
"ges/led_small_green.png","1640365","19497","154235"
"ges/led_small_red.png","1640365","19497","154117"
"ges/led_small_yellow.png","1640365","19497","154007"
"ges/ledgray.png","1640365","19497","153877"
"ges/ledred.png","1640365","19497","153793"
"ges/logooem.png","1640365","19497","153713"
"ges/projectopen.png","1640365","19497","153625"
"ges/scanner.png","1640365","19497","153527"
"ges/setup.png","1640365","19497","153427"
"gin.png","1640365","19497","156836"
"go.png","1640365","19497","154844"
"go_main.png","1640365","19497","156795"
"go_start.png","1640365","19497","155437"
"gooem.png","1640365","19497","153701"
"gout.png","1640365","19497","155833"
"gray.png","1640365","19497","153863"
"green.png","1640365","19497","153822"
"h_view.png","1640365","19497","155195"
"hocurve.png","1640365","19497","156155"
"ic.png","1640365","19497","109030"
"icon.png","1640365","19497","156689"
"-icon.png","1640365","19497","156691"
"icon_add.png","1640365","19497","156595"
"icon_connect.png","1640365","19497","156552"
"icon_connect_all.png","1640365","19497","156501"
"icon_disconnect.png","1640365","19497","156442"
"icon_disconnect_all.png","1640365","19497","156385"
"icon_left.png","1640365","19497","156057"
"icon_level.png","1640365","19497","155965"
"icon_load_from_scanner.png","1640365","19497","155918"
"icon_logout.png","1640365","19497","155847"
"icon_open.png","1640365","19497","155751"
"icon_remove.png","1640365","19497","155661"
"icon_save.png","1640365","19497","155565"
"icon_sound_go_start.png","1640365","19497","155459"
"icon_sound_previous.png","1640365","19497","155337"
"icon_switch_view.png","1640365","19497","155215"
"icon_up_down.png","1640365","19497","155115"
"icon_wizard.png","1640365","19497","154970"
"icon-Basic.png","1640365","19497","109038"
"-icon-Basic.png","1640365","19497","109039"
"ient_logo.png","1640365","19497","157101"
"iew.png","1640365","19497","155189"
"images/alarm_icon.png","1640365","19497","157493"
"images/client_logo.png","1640365","19497","157119"
"images/em_bg_login.png","1640365","19497","157019"
"images/emersonlogo.png","1640365","19497","156917"
"images/emlogo_main.png","1640365","19497","156817"
"images/excel-icon.png","1640365","19497","156715"
"images/icon_add.png","1640365","19497","156609"
"images/icon_connect_all.png","1640365","19497","156515"
"images/icon_disconnect_all.png","1640365","19497","156399"
"images/icon_distance.png","1640365","19497","156281"
"images/icon_echocurve.png","1640365","19497","156183"
"images/icon_left.png","1640365","19497","156071"
"images/icon_level.png","1640365","19497","155979"
"images/icon_logout.png","1640365","19497","155861"
"images/icon_open.png","1640365","19497","155765"
"images/icon_remove.png","1640365","19497","155675"
"images/icon_save.png","1640365","19497","155579"
"images/icon_sound_go_start.png","1640365","19497","155473"
"images/icon_sound_previous.png","1640365","19497","155351"
"images/icon_switch_view.png","1640365","19497","155229"
"images/icon_up_down.png","1640365","19497","155129"
"images/icon_vdc.png","1640365","19497","155027"
"images/info-icon-basic.png","1640365","19497","154935"
"images/led_large_gray.png","1640365","19497","154827"
"images/led_large_green.png","1640365","19497","154713"
"images/led_large_red.png","1640365","19497","154595"
"images/led_large_yellow.png","1640365","19497","154485"
"images/led_small_gray.png","1640365","19497","154355"
"images/led_small_green.png","1640365","19497","154241"
"images/led_small_red.png","1640365","19497","154123"
"images/led_small_yellow.png","1640365","19497","154013"
"images/ledgray.png","1640365","19497","153883"
"images/ledred.png","1640365","19497","153799"
"images/logooem.png","1640365","19497","153719"
"images/projectopen.png","1640365","19497","153631"
"images/scanner.png","1640365","19497","153533"
"images/setup.png","1640365","19497","153433"
"in.png","1640365","19497","156785"
"info-icon-Basic.png","1640365","19497","109043"
"ious.png","1640365","19497","155307"
"isconnect_all.png","1640365","19497","156373"
"istance.png","1640365","19497","156255"
"itch_view.png","1640365","19497","155201"
"jectopen.png","1640365","19497","153611"
"l.png","1640365","19497","155947"
"l_gray.png","1640365","19497","154325"
"l_green.png","1640365","19497","154211"
"l_red.png","1640365","19497","154093"
"l_yellow.png","1640365","19497","153983"
"large_gray.png","1640365","19497","154805"
"large_green.png","1640365","19497","154691"
"large_red.png","1640365","19497","154573"
"large_yellow.png","1640365","19497","154463"
"larm_icon.png","1640365","19497","157477"
"led_large_gray.png","1640365","19497","154813"
"led_large_green.png","1640365","19497","154699"
"led_large_red.png","1640365","19497","154581"
"led_large_yellow.png","1640365","19497","154471"
"led_small_gray.png","1640365","19497","154341"
"led_small_green.png","1640365","19497","154227"
"led_small_red.png","1640365","19497","154109"
"led_small_yellow.png","1640365","19497","153999"
"led_small_yellow_green.png","1640365","19497","153940"
"ledgray.png","1640365","19497","153869"
"ledred.png","1640365","19497","153785"
"left.png","1640365","19497","156047"
"level.png","1640365","19497","155955"
"l-icon.png","1640365","19497","156693"
"lient_logo.png","1640365","19497","157103"
"ll.png","1640365","19497","156351"
"ll_gray.png","1640365","19497","154327"
"ll_green.png","1640365","19497","154213"
"ll_red.png","1640365","19497","154095"
"ll_yellow.png","1640365","19497","153985"
"llow.png","1640365","19497","153975"
"login.png","1640365","19497","156840"
"logo.png","1640365","19497","154848"
"logo_main.png","1640365","19497","156799"
"logooem.png","1640365","19497","153705"
"logout.png","1640365","19497","155837"
"low.png","1640365","19497","153973"
"m.png","1640365","19497","153693"
"m_bg_login.png","1640365","19497","157003"
"m_icon.png","1640365","19497","157471"
"mages/alarm_icon.png","1640365","19497","157491"
"mages/client_logo.png","1640365","19497","157117"
"mages/em_bg_login.png","1640365","19497","157017"
"mages/emersonlogo.png","1640365","19497","156915"
"mages/emlogo_main.png","1640365","19497","156815"
"mages/excel-icon.png","1640365","19497","156713"
"mages/icon_add.png","1640365","19497","156607"
"mages/icon_connect_all.png","1640365","19497","156513"
"mages/icon_disconnect_all.png","1640365","19497","156397"
"mages/icon_distance.png","1640365","19497","156279"
"mages/icon_echocurve.png","1640365","19497","156181"
"mages/icon_left.png","1640365","19497","156069"
"mages/icon_level.png","1640365","19497","155977"
"mages/icon_logout.png","1640365","19497","155859"
"mages/icon_open.png","1640365","19497","155763"
"mages/icon_remove.png","1640365","19497","155673"
"mages/icon_save.png","1640365","19497","155577"
"mages/icon_sound_go_start.png","1640365","19497","155471"
"mages/icon_sound_previous.png","1640365","19497","155349"
"mages/icon_switch_view.png","1640365","19497","155227"
"mages/icon_up_down.png","1640365","19497","155127"
"mages/icon_vdc.png","1640365","19497","155025"
"mages/info-icon-basic.png","1640365","19497","154933"
"mages/led_large_gray.png","1640365","19497","154825"
"mages/led_large_green.png","1640365","19497","154711"
"mages/led_large_red.png","1640365","19497","154593"
"mages/led_large_yellow.png","1640365","19497","154483"
"mages/led_small_gray.png","1640365","19497","154353"
"mages/led_small_green.png","1640365","19497","154239"
"mages/led_small_red.png","1640365","19497","154121"
"mages/led_small_yellow.png","1640365","19497","154011"
"mages/ledgray.png","1640365","19497","153881"
"mages/ledred.png","1640365","19497","153797"
"mages/logooem.png","1640365","19497","153717"
"mages/projectopen.png","1640365","19497","153629"
"mages/scanner.png","1640365","19497","153531"
"mages/setup.png","1640365","19497","153431"
"main.png","1640365","19497","156789"
"mall_gray.png","1640365","19497","154331"
"mall_green.png","1640365","19497","154217"
"mall_red.png","1640365","19497","154099"
"mall_yellow.png","1640365","19497","153989"
"mersonlogo.png","1640365","19497","156901"
"mlogo_main.png","1640365","19497","156801"
"move.png","1640365","19497","155647"
"n.png","1640365","19497","153597"
"n_add.png","1640365","19497","156589"
"n_connect_all.png","1640365","19497","156495"
"n_disconnect_all.png","1640365","19497","156379"
"n_distance.png","1640365","19497","156261"
"n_echocurve.png","1640365","19497","156163"
"n_left.png","1640365","19497","156051"
"n_level.png","1640365","19497","155959"
"n_logout.png","1640365","19497","155841"
"n_open.png","1640365","19497","155745"
"n_remove.png","1640365","19497","155655"
"n_save.png","1640365","19497","155559"
"n_sound_go_start.png","1640365","19497","155453"
"n_sound_previous.png","1640365","19497","155331"
"n_switch_view.png","1640365","19497","155209"
"n_up_down.png","1640365","19497","155109"
"n_vdc.png","1640365","19497","155007"
"n-Basic.png","1640365","19497","109035"
"nce.png","1640365","19497","156247"
"nd_go_start.png","1640365","19497","155443"
"nd_previous.png","1640365","19497","155321"
"nect_all.png","1640365","19497","156363"
"ner.png","1640365","19497","153511"
"nfo-icon-Basic.png","1640365","19497","109042"
"nlogo.png","1640365","19497","156891"
"nnect_all.png","1640365","19497","156365"
"nner.png","1640365","19497","153513"
"nt_logo.png","1640365","19497","157097"
"o.png","1640365","19497","153096"
"o_main.png","1640365","19497","156793"
"o_start.png","1640365","19497","155435"
"ocurve.png","1640365","19497","156153"
"oem.png","1640365","19497","153697"
"ogin.png","1640365","19497","156838"
"ogo.png","1640365","19497","154846"
"ogo_main.png","1640365","19497","156797"
"ogooem.png","1640365","19497","153703"
"ogout.png","1640365","19497","155835"
"o-icon-Basic.png","1640365","19497","109040"
"ojectopen.png","1640365","19497","153613"
"on.png","1640365","19497","156685"
"on_add.png","1640365","19497","156591"
"on_connect_all.png","1640365","19497","156497"
"on_disconnect_all.png","1640365","19497","156381"
"on_distance.png","1640365","19497","156263"
"on_echocurve.png","1640365","19497","156165"
"on_left.png","1640365","19497","156053"
"on_level.png","1640365","19497","155961"
"on_logout.png","1640365","19497","155843"
"on_open.png","1640365","19497","155747"
"on_remove.png","1640365","19497","155657"
"on_save.png","1640365","19497","155561"
"on_sound_go_start.png","1640365","19497","155455"
"on_sound_previous.png","1640365","19497","155333"
"on_switch_view.png","1640365","19497","155211"
"on_up_down.png","1640365","19497","155111"
"on_vdc.png","1640365","19497","155009"
"on-Basic.png","1640365","19497","109036"
"onlogo.png","1640365","19497","156893"
"onnect_all.png","1640365","19497","156367"
"ooem.png","1640365","19497","153699"
"open.png","1640365","19497","153603"
"ound_go_start.png","1640365","19497","155447"
"ound_previous.png","1640365","19497","155325"
"ous.png","1640365","19497","155305"
"out.png","1640365","19497","155831"
"ove.png","1640365","19497","155645"
"ow.png","1640365","19497","153971"
"own.png","1640365","19497","155097"
"p.png","1640365","19497","153411"
"p_down.png","1640365","19497","155103"
"pen.png","1640365","19497","153601"
"previous.png","1640365","19497","155315"
"projectopen.png","1640365","19497","153617"
"r.png","1640365","19497","153507"
"ray.png","1640365","19497","153861"
"red.png","1640365","19497","153779"
"reen.png","1640365","19497","153820"
"remove.png","1640365","19497","155651"
"revious.png","1640365","19497","155313"
"rge_gray.png","1640365","19497","154801"
"rge_green.png","1640365","19497","154687"
"rge_red.png","1640365","19497","154569"
"rge_yellow.png","1640365","19497","154459"
"rm_icon.png","1640365","19497","157473"
"rojectopen.png","1640365","19497","153615"
"rsonlogo.png","1640365","19497","156897"
"rt.png","1640365","19497","155425"
"rve.png","1640365","19497","156147"
"s.png","1640365","19497","155301"
"s/alarm_icon.png","1640365","19497","157483"
"s/client_logo.png","1640365","19497","157109"
"s/em_bg_login.png","1640365","19497","157009"
"s/emersonlogo.png","1640365","19497","156907"
"s/emlogo_main.png","1640365","19497","156807"
"s/excel-icon.png","1640365","19497","156705"
"s/icon_add.png","1640365","19497","156599"
"s/icon_connect_all.png","1640365","19497","156505"
"s/icon_disconnect_all.png","1640365","19497","156389"
"s/icon_distance.png","1640365","19497","156271"
"s/icon_echocurve.png","1640365","19497","156173"
"s/icon_left.png","1640365","19497","156061"
"s/icon_level.png","1640365","19497","155969"
"s/icon_logout.png","1640365","19497","155851"
"s/icon_open.png","1640365","19497","155755"
"s/icon_remove.png","1640365","19497","155665"
"s/icon_save.png","1640365","19497","155569"
"s/icon_sound_go_start.png","1640365","19497","155463"
"s/icon_sound_previous.png","1640365","19497","155341"
"s/icon_switch_view.png","1640365","19497","155219"
"s/icon_up_down.png","1640365","19497","155119"
"s/icon_vdc.png","1640365","19497","155017"
"s/info-icon-basic.png","1640365","19497","154925"
"s/led_large_gray.png","1640365","19497","154817"
"s/led_large_green.png","1640365","19497","154703"
"s/led_large_red.png","1640365","19497","154585"
"s/led_large_yellow.png","1640365","19497","154475"
"s/led_small_gray.png","1640365","19497","154345"
"s/led_small_green.png","1640365","19497","154231"
"s/led_small_red.png","1640365","19497","154113"
"s/led_small_yellow.png","1640365","19497","154003"
"s/ledgray.png","1640365","19497","153873"
"s/ledred.png","1640365","19497","153789"
"s/logooem.png","1640365","19497","153709"
"s/projectopen.png","1640365","19497","153621"
"s/scanner.png","1640365","19497","153523"
"s/setup.png","1640365","19497","153423"
"save.png","1640365","19497","153554"
"scanner.png","1640365","19497","153519"
"sconnect_all.png","1640365","19497","156371"
"sic.png","1640365","19497","109031"
"small_gray.png","1640365","19497","154333"
"small_green.png","1640365","19497","154219"
"small_red.png","1640365","19497","154101"
"small_yellow.png","1640365","19497","153991"
"sonlogo.png","1640365","19497","156895"
"sound_go_start.png","1640365","19497","155449"
"sound_previous.png","1640365","19497","155327"
"stance.png","1640365","19497","156253"
"start.png","1640365","19497","155431"
"switch_view.png","1640365","19497","155205"
"t.png","1640365","19497","155366"
"t_all.png","1640365","19497","156357"
"t_logo.png","1640365","19497","157095"
"tance.png","1640365","19497","156251"
"tart.png","1640365","19497","155429"
"tch_view.png","1640365","19497","155199"
"topen.png","1640365","19497","153605"
"tup.png","1640365","19497","153415"
"und_go_start.png","1640365","19497","155445"
"und_previous.png","1640365","19497","155323"
"up.png","1640365","19497","153413"
"up_down.png","1640365","19497","155105"
"urve.png","1640365","19497","156149"
"us.png","1640365","19497","155303"
"ut.png","1640365","19497","155829"
"vdc.png","1640365","19497","155003"
"ve.png","1640365","19497","153550"
"vel.png","1640365","19497","155951"
"view.png","1640365","19497","155191"
"vious.png","1640365","19497","155309"
"w.png","1640365","19497","153646"
"witch_view.png","1640365","19497","155203"
"wn.png","1640365","19497","155095"
"xcel-icon.png","1640365","19497","156699"
"y.png","1640365","19497","153857"
"yellow.png","1640365","19497","153979"
